ID,Var_ID,Name,Description,ord
CARNEIRO_001-0,CARNEIRO_001,absent,absent,0
CARNEIRO_001-1,CARNEIRO_001,present,present,1
CARNEIRO_002-0,CARNEIRO_002,absent,absent,0
CARNEIRO_002-1,CARNEIRO_002,present,present,1
CARNEIRO_003-0,CARNEIRO_003,absent,absent,0
CARNEIRO_003-1,CARNEIRO_003,present,present,1
CARNEIRO_004-0,CARNEIRO_004,absent,absent,0
CARNEIRO_004-1,CARNEIRO_004,present,present,1
CARNEIRO_005-0,CARNEIRO_005,absent,absent,0
CARNEIRO_005-1,CARNEIRO_005,present,present,1
CARNEIRO_006-0,CARNEIRO_006,absent,absent,0
CARNEIRO_006-1,CARNEIRO_006,present,present,1
CARNEIRO_007-0,CARNEIRO_007,absent,absent,0
CARNEIRO_007-1,CARNEIRO_007,present,present,1
CARNEIRO_008-0,CARNEIRO_008,absent,absent,0
CARNEIRO_008-1,CARNEIRO_008,present,present,1
CARNEIRO_009-0,CARNEIRO_009,absent,absent,0
CARNEIRO_009-1,CARNEIRO_009,present,present,1
CARNEIRO_010-0,CARNEIRO_010,absent,absent,0
CARNEIRO_010-1,CARNEIRO_010,present,present,1
CARNEIRO_011-0,CARNEIRO_011,absent,absent,0
CARNEIRO_011-1,CARNEIRO_011,present,present,1
CARNEIRO_012-0,CARNEIRO_012,absent,absent,0
CARNEIRO_012-1,CARNEIRO_012,present,present,1
CARNEIRO_013-0,CARNEIRO_013,absent,absent,0
CARNEIRO_013-1,CARNEIRO_013,present,present,1
CARNEIRO_014-0,CARNEIRO_014,absent,absent,0
CARNEIRO_014-1,CARNEIRO_014,present,present,1
CARNEIRO_015-0,CARNEIRO_015,absent,absent,0
CARNEIRO_015-1,CARNEIRO_015,present,present,1
CARNEIRO_016-0,CARNEIRO_016,absent,absent,0
CARNEIRO_016-1,CARNEIRO_016,present,present,1
CARNEIRO_017-0,CARNEIRO_017,absent,absent,0
CARNEIRO_017-1,CARNEIRO_017,present,present,1
CARNEIRO_018-0,CARNEIRO_018,absent,absent,0
CARNEIRO_018-1,CARNEIRO_018,present,present,1
CARNEIRO_019-0,CARNEIRO_019,absent,absent,0
CARNEIRO_019-1,CARNEIRO_019,present,present,1
CARNEIRO_020-0,CARNEIRO_020,absent,absent,0
CARNEIRO_020-1,CARNEIRO_020,present,present,1
CARNEIRO_021-0,CARNEIRO_021,absent,absent,0
CARNEIRO_021-1,CARNEIRO_021,present,present,1
CARNEIRO_022-0,CARNEIRO_022,absent,absent,0
CARNEIRO_022-1,CARNEIRO_022,present,present,1
CARNEIRO_023-0,CARNEIRO_023,absent,absent,0
CARNEIRO_023-1,CARNEIRO_023,present,present,1
CARNEIRO_024-0,CARNEIRO_024,absent,absent,0
CARNEIRO_024-1,CARNEIRO_024,present,present,1
CARNEIRO_025-0,CARNEIRO_025,absent,absent,0
CARNEIRO_025-1,CARNEIRO_025,present,present,1
CARNEIRO_026-0,CARNEIRO_026,absent,absent,0
CARNEIRO_026-1,CARNEIRO_026,present,present,1
CARNEIRO_027-0,CARNEIRO_027,absent,absent,0
CARNEIRO_027-1,CARNEIRO_027,present,present,1
CARNEIRO_028-0,CARNEIRO_028,absent,absent,0
CARNEIRO_028-1,CARNEIRO_028,present,present,1
CARNEIRO_029-0,CARNEIRO_029,absent,absent,0
CARNEIRO_029-1,CARNEIRO_029,present,present,1
CARNEIRO_030-0,CARNEIRO_030,absent,absent,0
CARNEIRO_030-1,CARNEIRO_030,present,present,1
CARNEIRO_031-0,CARNEIRO_031,absent,absent,0
CARNEIRO_031-1,CARNEIRO_031,present,present,1
CARNEIRO_032-0,CARNEIRO_032,absent,absent,0
CARNEIRO_032-1,CARNEIRO_032,present,present,1
CARNEIRO_033-0,CARNEIRO_033,absent,absent,0
CARNEIRO_033-1,CARNEIRO_033,present,present,1
CARNEIRO_034-0,CARNEIRO_034,absent,absent,0
CARNEIRO_034-1,CARNEIRO_034,present,present,1
CARNEIRO_035-0,CARNEIRO_035,absent,absent,0
CARNEIRO_035-1,CARNEIRO_035,present,present,1
CARNEIRO_036-0,CARNEIRO_036,absent,absent,0
CARNEIRO_036-1,CARNEIRO_036,present,present,1
CARNEIRO_037-0,CARNEIRO_037,absent,absent,0
CARNEIRO_037-1,CARNEIRO_037,present,present,1
CARNEIRO_038-0,CARNEIRO_038,absent,absent,0
CARNEIRO_038-1,CARNEIRO_038,present,present,1
CARNEIRO_039-0,CARNEIRO_039,absent,absent,0
CARNEIRO_039-1,CARNEIRO_039,present,present,1
CARNEIRO_040-0,CARNEIRO_040,absent,absent,0
CARNEIRO_040-1,CARNEIRO_040,present,present,1
CARNEIRO_041-0,CARNEIRO_041,absent,absent,0
CARNEIRO_041-1,CARNEIRO_041,present,present,1
CARNEIRO_042-0,CARNEIRO_042,absent,absent,0
CARNEIRO_042-1,CARNEIRO_042,present,present,1
CARNEIRO_043-0,CARNEIRO_043,absent,absent,0
CARNEIRO_043-1,CARNEIRO_043,present,present,1
CARNEIRO_044-0,CARNEIRO_044,absent,absent,0
CARNEIRO_044-1,CARNEIRO_044,present,present,1
CARNEIRO_045-0,CARNEIRO_045,absent,absent,0
CARNEIRO_045-1,CARNEIRO_045,present,present,1
CARNEIRO_046-0,CARNEIRO_046,absent,absent,0
CARNEIRO_046-1,CARNEIRO_046,present,present,1
CARNEIRO_047-0,CARNEIRO_047,absent,absent,0
CARNEIRO_047-1,CARNEIRO_047,present,present,1
CARNEIRO_048-0,CARNEIRO_048,absent,absent,0
CARNEIRO_048-1,CARNEIRO_048,present,present,1
CARNEIRO_049-0,CARNEIRO_049,absent,absent,0
CARNEIRO_049-1,CARNEIRO_049,present,present,1
CARNEIRO_050-0,CARNEIRO_050,absent,absent,0
CARNEIRO_050-1,CARNEIRO_050,present,present,1
CARNEIRO_051-0,CARNEIRO_051,absent,absent,0
CARNEIRO_051-1,CARNEIRO_051,present,present,1
CARNEIRO_052-0,CARNEIRO_052,absent,absent,0
CARNEIRO_052-1,CARNEIRO_052,present,present,1
CARNEIRO_053-0,CARNEIRO_053,absent,absent,0
CARNEIRO_053-1,CARNEIRO_053,present,present,1
CARNEIRO_054-0,CARNEIRO_054,absent,absent,0
CARNEIRO_054-1,CARNEIRO_054,present,present,1
CARNEIRO_055-0,CARNEIRO_055,absent,absent,0
CARNEIRO_055-1,CARNEIRO_055,present,present,1
CARNEIRO_056-0,CARNEIRO_056,absent,absent,0
CARNEIRO_056-1,CARNEIRO_056,present,present,1
CARNEIRO_057-0,CARNEIRO_057,absent,absent,0
CARNEIRO_057-1,CARNEIRO_057,present,present,1
CARNEIRO_058-0,CARNEIRO_058,absent,absent,0
CARNEIRO_058-1,CARNEIRO_058,present,present,1
CARNEIRO_059-0,CARNEIRO_059,absent,absent,0
CARNEIRO_059-1,CARNEIRO_059,present,present,1
CARNEIRO_060-0,CARNEIRO_060,absent,absent,0
CARNEIRO_060-1,CARNEIRO_060,present,present,1
CARNEIRO_061-0,CARNEIRO_061,absent,absent,0
CARNEIRO_061-1,CARNEIRO_061,present,present,1
CARNEIRO_062-0,CARNEIRO_062,absent,absent,0
CARNEIRO_062-1,CARNEIRO_062,present,present,1
CARNEIRO_063-0,CARNEIRO_063,absent,absent,0
CARNEIRO_063-1,CARNEIRO_063,present,present,1
CARNEIRO_064-0,CARNEIRO_064,absent,absent,0
CARNEIRO_064-1,CARNEIRO_064,present,present,1
CARNEIRO_065-0,CARNEIRO_065,absent,absent,0
CARNEIRO_065-1,CARNEIRO_065,present,present,1
CARNEIRO_066-0,CARNEIRO_066,absent,absent,0
CARNEIRO_066-1,CARNEIRO_066,present,present,1
CARNEIRO_067-0,CARNEIRO_067,absent,absent,0
CARNEIRO_067-1,CARNEIRO_067,present,present,1
CARNEIRO_068-0,CARNEIRO_068,absent,absent,0
CARNEIRO_068-1,CARNEIRO_068,present,present,1
CARNEIRO_069-0,CARNEIRO_069,absent,absent,0
CARNEIRO_069-1,CARNEIRO_069,present,present,1
CARNEIRO_070-0,CARNEIRO_070,absent,absent,0
CARNEIRO_070-1,CARNEIRO_070,present,present,1
CARNEIRO_071-0,CARNEIRO_071,absent,absent,0
CARNEIRO_071-1,CARNEIRO_071,present,present,1
CARNEIRO_072-0,CARNEIRO_072,absent,absent,0
CARNEIRO_072-1,CARNEIRO_072,present,present,1
CARNEIRO_073-0,CARNEIRO_073,absent,absent,0
CARNEIRO_073-1,CARNEIRO_073,present,present,1
CARNEIRO_074-0,CARNEIRO_074,absent,absent,0
CARNEIRO_074-1,CARNEIRO_074,present,present,1
CARNEIRO_075-0,CARNEIRO_075,absent,absent,0
CARNEIRO_075-1,CARNEIRO_075,present,present,1
CARNEIRO_076-0,CARNEIRO_076,absent,absent,0
CARNEIRO_076-1,CARNEIRO_076,present,present,1
CARNEIRO_077-0,CARNEIRO_077,absent,absent,0
CARNEIRO_077-1,CARNEIRO_077,present,present,1
CARNEIRO_078-0,CARNEIRO_078,absent,absent,0
CARNEIRO_078-1,CARNEIRO_078,present,present,1
CARNEIRO_079-0,CARNEIRO_079,absent,absent,0
CARNEIRO_079-1,CARNEIRO_079,present,present,1
CARNEIRO_080-0,CARNEIRO_080,absent,absent,0
CARNEIRO_080-1,CARNEIRO_080,present,present,1
CARNEIRO_081-0,CARNEIRO_081,absent,absent,0
CARNEIRO_081-1,CARNEIRO_081,present,present,1
CARNEIRO_082-0,CARNEIRO_082,absent,absent,0
CARNEIRO_082-1,CARNEIRO_082,present,present,1
CARNEIRO_083-0,CARNEIRO_083,absent,absent,0
CARNEIRO_083-1,CARNEIRO_083,present,present,1
CARNEIRO_084-0,CARNEIRO_084,absent,absent,0
CARNEIRO_084-1,CARNEIRO_084,present,present,1
CARNEIRO_085-0,CARNEIRO_085,absent,absent,0
CARNEIRO_085-1,CARNEIRO_085,present,present,1
CARNEIRO_086-0,CARNEIRO_086,absent,absent,0
CARNEIRO_086-1,CARNEIRO_086,present,present,1
CARNEIRO_087-0,CARNEIRO_087,absent,absent,0
CARNEIRO_087-1,CARNEIRO_087,present,present,1
CARNEIRO_088-0,CARNEIRO_088,absent,absent,0
CARNEIRO_088-1,CARNEIRO_088,present,present,1
CARNEIRO_089-0,CARNEIRO_089,absent,absent,0
CARNEIRO_089-1,CARNEIRO_089,present,present,1
CARNEIRO_090-0,CARNEIRO_090,absent,absent,0
CARNEIRO_090-1,CARNEIRO_090,present,present,1
CARNEIRO_091-0,CARNEIRO_091,absent,absent,0
CARNEIRO_091-1,CARNEIRO_091,present,present,1
CARNEIRO_092-0,CARNEIRO_092,absent,absent,0
CARNEIRO_092-1,CARNEIRO_092,present,present,1
CARNEIRO_093-0,CARNEIRO_093,absent,absent,0
CARNEIRO_093-1,CARNEIRO_093,present,present,1
CARNEIRO_094-0,CARNEIRO_094,absent,absent,0
CARNEIRO_094-1,CARNEIRO_094,present,present,1
CARNEIRO_095-0,CARNEIRO_095,absent,absent,0
CARNEIRO_095-1,CARNEIRO_095,present,present,1
CARNEIRO_096-0,CARNEIRO_096,absent,absent,0
CARNEIRO_096-1,CARNEIRO_096,present,present,1
CARNEIRO_097-0,CARNEIRO_097,absent,absent,0
CARNEIRO_097-1,CARNEIRO_097,present,present,1
CARNEIRO_098-0,CARNEIRO_098,absent,absent,0
CARNEIRO_098-1,CARNEIRO_098,present,present,1
CARNEIRO_099-0,CARNEIRO_099,absent,absent,0
CARNEIRO_099-1,CARNEIRO_099,present,present,1
CARNEIRO_100-0,CARNEIRO_100,absent,absent,0
CARNEIRO_100-1,CARNEIRO_100,present,present,1
CARNEIRO_101-0,CARNEIRO_101,absent,absent,0
CARNEIRO_101-1,CARNEIRO_101,present,present,1
CARNEIRO_102-0,CARNEIRO_102,absent,absent,0
CARNEIRO_102-1,CARNEIRO_102,present,present,1
CARNEIRO_103-0,CARNEIRO_103,absent,absent,0
CARNEIRO_103-1,CARNEIRO_103,present,present,1
CARNEIRO_104-0,CARNEIRO_104,absent,absent,0
CARNEIRO_104-1,CARNEIRO_104,present,present,1
CARNEIRO_105-0,CARNEIRO_105,absent,absent,0
CARNEIRO_105-1,CARNEIRO_105,present,present,1
CARNEIRO_106-0,CARNEIRO_106,absent,absent,0
CARNEIRO_106-1,CARNEIRO_106,present,present,1
CARNEIRO_107-0,CARNEIRO_107,absent,absent,0
CARNEIRO_107-1,CARNEIRO_107,present,present,1
CARNEIRO_108-0,CARNEIRO_108,absent,absent,0
CARNEIRO_108-1,CARNEIRO_108,present,present,1
CARNEIRO_109-0,CARNEIRO_109,absent,absent,0
CARNEIRO_109-1,CARNEIRO_109,present,present,1
CARNEIRO_110-0,CARNEIRO_110,absent,absent,0
CARNEIRO_110-1,CARNEIRO_110,present,present,1
CARNEIRO_111-0,CARNEIRO_111,absent,absent,0
CARNEIRO_111-1,CARNEIRO_111,present,present,1
CARNEIRO_112-0,CARNEIRO_112,absent,absent,0
CARNEIRO_112-1,CARNEIRO_112,present,present,1
CARNEIRO_113-0,CARNEIRO_113,absent,absent,0
CARNEIRO_113-1,CARNEIRO_113,present,present,1
CARNEIRO_114-0,CARNEIRO_114,absent,absent,0
CARNEIRO_114-1,CARNEIRO_114,present,present,1
CARNEIRO_115-0,CARNEIRO_115,absent,absent,0
CARNEIRO_115-1,CARNEIRO_115,present,present,1
CARNEIRO_116-0,CARNEIRO_116,absent,absent,0
CARNEIRO_116-1,CARNEIRO_116,present,present,1
CARNEIRO_117-0,CARNEIRO_117,absent,absent,0
CARNEIRO_117-1,CARNEIRO_117,present,present,1
CARNEIRO_118-0,CARNEIRO_118,absent,absent,0
CARNEIRO_118-1,CARNEIRO_118,present,present,1
CARNEIRO_119-0,CARNEIRO_119,absent,absent,0
CARNEIRO_119-1,CARNEIRO_119,present,present,1
CARNEIRO_120-0,CARNEIRO_120,absent,absent,0
CARNEIRO_120-1,CARNEIRO_120,present,present,1
CARNEIRO_121-0,CARNEIRO_121,absent,absent,0
CARNEIRO_121-1,CARNEIRO_121,present,present,1
CARNEIRO_122-0,CARNEIRO_122,absent,absent,0
CARNEIRO_122-1,CARNEIRO_122,present,present,1
CARNEIRO_123-0,CARNEIRO_123,absent,absent,0
CARNEIRO_123-1,CARNEIRO_123,present,present,1
CARNEIRO_124-0,CARNEIRO_124,absent,absent,0
CARNEIRO_124-1,CARNEIRO_124,present,present,1
CARNEIRO_125-0,CARNEIRO_125,absent,absent,0
CARNEIRO_125-1,CARNEIRO_125,present,present,1
CARNEIRO_126-0,CARNEIRO_126,absent,absent,0
CARNEIRO_126-1,CARNEIRO_126,present,present,1
CARNEIRO_127-0,CARNEIRO_127,absent,absent,0
CARNEIRO_127-1,CARNEIRO_127,present,present,1
CARNEIRO_128-0,CARNEIRO_128,absent,absent,0
CARNEIRO_128-1,CARNEIRO_128,present,present,1
CARNEIRO_129-0,CARNEIRO_129,absent,absent,0
CARNEIRO_129-1,CARNEIRO_129,present,present,1
CARNEIRO_130-0,CARNEIRO_130,absent,absent,0
CARNEIRO_130-1,CARNEIRO_130,present,present,1
CARNEIRO_131-0,CARNEIRO_131,absent,absent,0
CARNEIRO_131-1,CARNEIRO_131,present,present,1
CARNEIRO_132-0,CARNEIRO_132,absent,absent,0
CARNEIRO_132-1,CARNEIRO_132,present,present,1
CARNEIRO_133-0,CARNEIRO_133,absent,absent,0
CARNEIRO_133-1,CARNEIRO_133,present,present,1
CARNEIRO_134-0,CARNEIRO_134,absent,absent,0
CARNEIRO_134-1,CARNEIRO_134,present,present,1
CARNEIRO_135-0,CARNEIRO_135,absent,absent,0
CARNEIRO_135-1,CARNEIRO_135,present,present,1
CARNEIRO_136-0,CARNEIRO_136,absent,absent,0
CARNEIRO_136-1,CARNEIRO_136,present,present,1
CARNEIRO_137-0,CARNEIRO_137,absent,absent,0
CARNEIRO_137-1,CARNEIRO_137,present,present,1
CARNEIRO_138-0,CARNEIRO_138,absent,absent,0
CARNEIRO_138-1,CARNEIRO_138,present,present,1
CARNEIRO_139-0,CARNEIRO_139,absent,absent,0
CARNEIRO_139-1,CARNEIRO_139,present,present,1
CARNEIRO_140-0,CARNEIRO_140,absent,absent,0
CARNEIRO_140-1,CARNEIRO_140,present,present,1
CARNEIRO_141-0,CARNEIRO_141,absent,absent,0
CARNEIRO_141-1,CARNEIRO_141,present,present,1
CARNEIRO_142-0,CARNEIRO_142,absent,absent,0
CARNEIRO_142-1,CARNEIRO_142,present,present,1
CARNEIRO_143-0,CARNEIRO_143,absent,absent,0
CARNEIRO_143-1,CARNEIRO_143,present,present,1
CARNEIRO_144-0,CARNEIRO_144,absent,absent,0
CARNEIRO_144-1,CARNEIRO_144,present,present,1
CARNEIRO_145-0,CARNEIRO_145,absent,absent,0
CARNEIRO_145-1,CARNEIRO_145,present,present,1
CARNEIRO_146-0,CARNEIRO_146,absent,absent,0
CARNEIRO_146-1,CARNEIRO_146,present,present,1
CARNEIRO_147-0,CARNEIRO_147,absent,absent,0
CARNEIRO_147-1,CARNEIRO_147,present,present,1
CARNEIRO_148-0,CARNEIRO_148,absent,absent,0
CARNEIRO_148-1,CARNEIRO_148,present,present,1
CARNEIRO_149-0,CARNEIRO_149,absent,absent,0
CARNEIRO_149-1,CARNEIRO_149,present,present,1
CARNEIRO_150-0,CARNEIRO_150,absent,absent,0
CARNEIRO_150-1,CARNEIRO_150,present,present,1
CARNEIRO_151-0,CARNEIRO_151,absent,absent,0
CARNEIRO_151-1,CARNEIRO_151,present,present,1
CARNEIRO_152-0,CARNEIRO_152,absent,absent,0
CARNEIRO_152-1,CARNEIRO_152,present,present,1
CARNEIRO_153-0,CARNEIRO_153,absent,absent,0
CARNEIRO_153-1,CARNEIRO_153,present,present,1
CARNEIRO_154-0,CARNEIRO_154,absent,absent,0
CARNEIRO_154-1,CARNEIRO_154,present,present,1
CARNEIRO_155-0,CARNEIRO_155,absent,absent,0
CARNEIRO_155-1,CARNEIRO_155,present,present,1
CARNEIRO_156-0,CARNEIRO_156,absent,absent,0
CARNEIRO_156-1,CARNEIRO_156,present,present,1
CARNEIRO_157-0,CARNEIRO_157,absent,absent,0
CARNEIRO_157-1,CARNEIRO_157,present,present,1
CARNEIRO_158-0,CARNEIRO_158,absent,absent,0
CARNEIRO_158-1,CARNEIRO_158,present,present,1
CARNEIRO_159-0,CARNEIRO_159,absent,absent,0
CARNEIRO_159-1,CARNEIRO_159,present,present,1
CARNEIRO_160-0,CARNEIRO_160,absent,absent,0
CARNEIRO_160-1,CARNEIRO_160,present,present,1
CARNEIRO_161-0,CARNEIRO_161,absent,absent,0
CARNEIRO_161-1,CARNEIRO_161,present,present,1
CARNEIRO_162-0,CARNEIRO_162,absent,absent,0
CARNEIRO_162-1,CARNEIRO_162,present,present,1
CARNEIRO_163-0,CARNEIRO_163,absent,absent,0
CARNEIRO_163-1,CARNEIRO_163,present,present,1
CARNEIRO_164-0,CARNEIRO_164,absent,absent,0
CARNEIRO_164-1,CARNEIRO_164,present,present,1
CARNEIRO_165-0,CARNEIRO_165,absent,absent,0
CARNEIRO_165-1,CARNEIRO_165,present,present,1
CARNEIRO_166-0,CARNEIRO_166,absent,absent,0
CARNEIRO_166-1,CARNEIRO_166,present,present,1
CARNEIRO_167-0,CARNEIRO_167,absent,absent,0
CARNEIRO_167-1,CARNEIRO_167,present,present,1
CARNEIRO_168-0,CARNEIRO_168,absent,absent,0
CARNEIRO_168-1,CARNEIRO_168,present,present,1
CARNEIRO_169-0,CARNEIRO_169,absent,absent,0
CARNEIRO_169-1,CARNEIRO_169,present,present,1
CARNEIRO_170-0,CARNEIRO_170,absent,absent,0
CARNEIRO_170-1,CARNEIRO_170,present,present,1
CARNEIRO_171-0,CARNEIRO_171,absent,absent,0
CARNEIRO_171-1,CARNEIRO_171,present,present,1
CARNEIRO_172-0,CARNEIRO_172,absent,absent,0
CARNEIRO_172-1,CARNEIRO_172,present,present,1
CARNEIRO_173-0,CARNEIRO_173,absent,absent,0
CARNEIRO_173-1,CARNEIRO_173,present,present,1
CARNEIRO_174-0,CARNEIRO_174,absent,absent,0
CARNEIRO_174-1,CARNEIRO_174,present,present,1
CARNEIRO_175-0,CARNEIRO_175,absent,absent,0
CARNEIRO_175-1,CARNEIRO_175,present,present,1
CARNEIRO_176-0,CARNEIRO_176,absent,absent,0
CARNEIRO_176-1,CARNEIRO_176,present,present,1
CARNEIRO_177-0,CARNEIRO_177,absent,absent,0
CARNEIRO_177-1,CARNEIRO_177,present,present,1
CARNEIRO_178-0,CARNEIRO_178,absent,absent,0
CARNEIRO_178-1,CARNEIRO_178,present,present,1
CARNEIRO_179-0,CARNEIRO_179,absent,absent,0
CARNEIRO_179-1,CARNEIRO_179,present,present,1
CARNEIRO_180-0,CARNEIRO_180,absent,absent,0
CARNEIRO_180-1,CARNEIRO_180,present,present,1
CARNEIRO_181-0,CARNEIRO_181,absent,absent,0
CARNEIRO_181-1,CARNEIRO_181,present,present,1
CARNEIRO_182-0,CARNEIRO_182,absent,absent,0
CARNEIRO_182-1,CARNEIRO_182,present,present,1
CARNEIRO_183-0,CARNEIRO_183,absent,absent,0
CARNEIRO_183-1,CARNEIRO_183,present,present,1
CARNEIRO_184-0,CARNEIRO_184,absent,absent,0
CARNEIRO_184-1,CARNEIRO_184,present,present,1
CARNEIRO_185-0,CARNEIRO_185,absent,absent,0
CARNEIRO_185-1,CARNEIRO_185,present,present,1
CARNEIRO_186-0,CARNEIRO_186,absent,absent,0
CARNEIRO_186-1,CARNEIRO_186,present,present,1
CARNEIRO_187-0,CARNEIRO_187,absent,absent,0
CARNEIRO_187-1,CARNEIRO_187,present,present,1
CARNEIRO_188-0,CARNEIRO_188,absent,absent,0
CARNEIRO_188-1,CARNEIRO_188,present,present,1
CARNEIRO_189-0,CARNEIRO_189,absent,absent,0
CARNEIRO_189-1,CARNEIRO_189,present,present,1
CARNEIRO_190-0,CARNEIRO_190,absent,absent,0
CARNEIRO_190-1,CARNEIRO_190,present,present,1
CARNEIRO_191-0,CARNEIRO_191,absent,absent,0
CARNEIRO_191-1,CARNEIRO_191,present,present,1
CARNEIRO_192-0,CARNEIRO_192,absent,absent,0
CARNEIRO_192-1,CARNEIRO_192,present,present,1
CARNEIRO_193-0,CARNEIRO_193,absent,absent,0
CARNEIRO_193-1,CARNEIRO_193,present,present,1
CARNEIRO_194-0,CARNEIRO_194,absent,absent,0
CARNEIRO_194-1,CARNEIRO_194,present,present,1
CARNEIRO_195-0,CARNEIRO_195,absent,absent,0
CARNEIRO_195-1,CARNEIRO_195,present,present,1
CARNEIRO_196-0,CARNEIRO_196,absent,absent,0
CARNEIRO_196-1,CARNEIRO_196,present,present,1
CARNEIRO_197-0,CARNEIRO_197,absent,absent,0
CARNEIRO_197-1,CARNEIRO_197,present,present,1
CARNEIRO_198-0,CARNEIRO_198,absent,absent,0
CARNEIRO_198-1,CARNEIRO_198,present,present,1
CARNEIRO_199-0,CARNEIRO_199,absent,absent,0
CARNEIRO_199-1,CARNEIRO_199,present,present,1
CARNEIRO_200-0,CARNEIRO_200,absent,absent,0
CARNEIRO_200-1,CARNEIRO_200,present,present,1
CARNEIRO_201-0,CARNEIRO_201,absent,absent,0
CARNEIRO_201-1,CARNEIRO_201,present,present,1
CARNEIRO_202-0,CARNEIRO_202,absent,absent,0
CARNEIRO_202-1,CARNEIRO_202,present,present,1
CARNEIRO_203-0,CARNEIRO_203,absent,absent,0
CARNEIRO_203-1,CARNEIRO_203,present,present,1
CARNEIRO_204-0,CARNEIRO_204,absent,absent,0
CARNEIRO_204-1,CARNEIRO_204,present,present,1
CARNEIRO_205-0,CARNEIRO_205,absent,absent,0
CARNEIRO_205-1,CARNEIRO_205,present,present,1
CARNEIRO_206-0,CARNEIRO_206,absent,absent,0
CARNEIRO_206-1,CARNEIRO_206,present,present,1
CARNEIRO_207-0,CARNEIRO_207,absent,absent,0
CARNEIRO_207-1,CARNEIRO_207,present,present,1
CARNEIRO_208-0,CARNEIRO_208,absent,absent,0
CARNEIRO_208-1,CARNEIRO_208,present,present,1
CARNEIRO_209-0,CARNEIRO_209,absent,absent,0
CARNEIRO_209-1,CARNEIRO_209,present,present,1
CARNEIRO_210-0,CARNEIRO_210,absent,absent,0
CARNEIRO_210-1,CARNEIRO_210,present,present,1
CARNEIRO_211-0,CARNEIRO_211,absent,absent,0
CARNEIRO_211-1,CARNEIRO_211,present,present,1
CARNEIRO_212-0,CARNEIRO_212,absent,absent,0
CARNEIRO_212-1,CARNEIRO_212,present,present,1
CARNEIRO_213-0,CARNEIRO_213,absent,absent,0
CARNEIRO_213-1,CARNEIRO_213,present,present,1
CARNEIRO_214-0,CARNEIRO_214,absent,absent,0
CARNEIRO_214-1,CARNEIRO_214,present,present,1
CARNEIRO_215-0,CARNEIRO_215,absent,absent,0
CARNEIRO_215-1,CARNEIRO_215,present,present,1
CARNEIRO_216-0,CARNEIRO_216,absent,absent,0
CARNEIRO_216-1,CARNEIRO_216,present,present,1
CARNEIRO_217-0,CARNEIRO_217,absent,absent,0
CARNEIRO_217-1,CARNEIRO_217,present,present,1
CARNEIRO_218-0,CARNEIRO_218,absent,absent,0
CARNEIRO_218-1,CARNEIRO_218,present,present,1
CARNEIRO_219-0,CARNEIRO_219,absent,absent,0
CARNEIRO_219-1,CARNEIRO_219,present,present,1
CARNEIRO_220-0,CARNEIRO_220,absent,absent,0
CARNEIRO_220-1,CARNEIRO_220,present,present,1
CARNEIRO_221-0,CARNEIRO_221,absent,absent,0
CARNEIRO_221-1,CARNEIRO_221,present,present,1
CARNEIRO_222-0,CARNEIRO_222,absent,absent,0
CARNEIRO_222-1,CARNEIRO_222,present,present,1
CARNEIRO_223-0,CARNEIRO_223,absent,absent,0
CARNEIRO_223-1,CARNEIRO_223,present,present,1
CARNEIRO_224-0,CARNEIRO_224,absent,absent,0
CARNEIRO_224-1,CARNEIRO_224,present,present,1
CARNEIRO_225-0,CARNEIRO_225,absent,absent,0
CARNEIRO_225-1,CARNEIRO_225,present,present,1
CARNEIRO_226-0,CARNEIRO_226,absent,absent,0
CARNEIRO_226-1,CARNEIRO_226,present,present,1
CARNEIRO_227-0,CARNEIRO_227,absent,absent,0
CARNEIRO_227-1,CARNEIRO_227,present,present,1
CARNEIRO_228-0,CARNEIRO_228,absent,absent,0
CARNEIRO_228-1,CARNEIRO_228,present,present,1
CARNEIRO_229-0,CARNEIRO_229,absent,absent,0
CARNEIRO_229-1,CARNEIRO_229,present,present,1
CARNEIRO_230-0,CARNEIRO_230,absent,absent,0
CARNEIRO_230-1,CARNEIRO_230,present,present,1
CARNEIRO_231-0,CARNEIRO_231,absent,absent,0
CARNEIRO_231-1,CARNEIRO_231,present,present,1
CARNEIRO_232-0,CARNEIRO_232,absent,absent,0
CARNEIRO_232-1,CARNEIRO_232,present,present,1
CARNEIRO_233-0,CARNEIRO_233,absent,absent,0
CARNEIRO_233-1,CARNEIRO_233,present,present,1
CARNEIRO_234-0,CARNEIRO_234,absent,absent,0
CARNEIRO_234-1,CARNEIRO_234,present,present,1
CARNEIRO_235-0,CARNEIRO_235,absent,absent,0
CARNEIRO_235-1,CARNEIRO_235,present,present,1
CARNEIRO_236-0,CARNEIRO_236,absent,absent,0
CARNEIRO_236-1,CARNEIRO_236,present,present,1
CARNEIRO_237-0,CARNEIRO_237,absent,absent,0
CARNEIRO_237-1,CARNEIRO_237,present,present,1
CARNEIRO_238-0,CARNEIRO_238,absent,absent,0
CARNEIRO_238-1,CARNEIRO_238,present,present,1
CARNEIRO_239-0,CARNEIRO_239,absent,absent,0
CARNEIRO_239-1,CARNEIRO_239,present,present,1
CARNEIRO_240-0,CARNEIRO_240,absent,absent,0
CARNEIRO_240-1,CARNEIRO_240,present,present,1
CARNEIRO_241-0,CARNEIRO_241,absent,absent,0
CARNEIRO_241-1,CARNEIRO_241,present,present,1
CARNEIRO_242-0,CARNEIRO_242,absent,absent,0
CARNEIRO_242-1,CARNEIRO_242,present,present,1
CARNEIRO_243-0,CARNEIRO_243,absent,absent,0
CARNEIRO_243-1,CARNEIRO_243,present,present,1
CARNEIRO_244-0,CARNEIRO_244,absent,absent,0
CARNEIRO_244-1,CARNEIRO_244,present,present,1
CARNEIRO_245-0,CARNEIRO_245,absent,absent,0
CARNEIRO_245-1,CARNEIRO_245,present,present,1
CARNEIRO_246-0,CARNEIRO_246,absent,absent,0
CARNEIRO_246-1,CARNEIRO_246,present,present,1
CARNEIRO_247-0,CARNEIRO_247,absent,absent,0
CARNEIRO_247-1,CARNEIRO_247,present,present,1
CARNEIRO_248-0,CARNEIRO_248,absent,absent,0
CARNEIRO_248-1,CARNEIRO_248,present,present,1
CARNEIRO_249-0,CARNEIRO_249,absent,absent,0
CARNEIRO_249-1,CARNEIRO_249,present,present,1
CARNEIRO_250-0,CARNEIRO_250,absent,absent,0
CARNEIRO_250-1,CARNEIRO_250,present,present,1
CARNEIRO_251-0,CARNEIRO_251,absent,absent,0
CARNEIRO_251-1,CARNEIRO_251,present,present,1
CARNEIRO_252-0,CARNEIRO_252,absent,absent,0
CARNEIRO_252-1,CARNEIRO_252,present,present,1
CARNEIRO_253-0,CARNEIRO_253,absent,absent,0
CARNEIRO_253-1,CARNEIRO_253,present,present,1
CARNEIRO_254-0,CARNEIRO_254,absent,absent,0
CARNEIRO_254-1,CARNEIRO_254,present,present,1
CARNEIRO_255-0,CARNEIRO_255,absent,absent,0
CARNEIRO_255-1,CARNEIRO_255,present,present,1
CARNEIRO_256-0,CARNEIRO_256,absent,absent,0
CARNEIRO_256-1,CARNEIRO_256,present,present,1
CARNEIRO_257-0,CARNEIRO_257,absent,absent,0
CARNEIRO_257-1,CARNEIRO_257,present,present,1
CARNEIRO_258-0,CARNEIRO_258,absent,absent,0
CARNEIRO_258-1,CARNEIRO_258,present,present,1
CARNEIRO_259-0,CARNEIRO_259,absent,absent,0
CARNEIRO_259-1,CARNEIRO_259,present,present,1
CARNEIRO_260-0,CARNEIRO_260,absent,absent,0
CARNEIRO_260-1,CARNEIRO_260,present,present,1
CARNEIRO_261-0,CARNEIRO_261,absent,absent,0
CARNEIRO_261-1,CARNEIRO_261,present,present,1
CARNEIRO_262-0,CARNEIRO_262,absent,absent,0
CARNEIRO_262-1,CARNEIRO_262,present,present,1
CARNEIRO_263-0,CARNEIRO_263,absent,absent,0
CARNEIRO_263-1,CARNEIRO_263,present,present,1
CARNEIRO_264-0,CARNEIRO_264,absent,absent,0
CARNEIRO_264-1,CARNEIRO_264,present,present,1
CARNEIRO_265-0,CARNEIRO_265,absent,absent,0
CARNEIRO_265-1,CARNEIRO_265,present,present,1
CARNEIRO_266-0,CARNEIRO_266,absent,absent,0
CARNEIRO_266-1,CARNEIRO_266,present,present,1
CARNEIRO_267-0,CARNEIRO_267,absent,absent,0
CARNEIRO_267-1,CARNEIRO_267,present,present,1
CARNEIRO_268-0,CARNEIRO_268,absent,absent,0
CARNEIRO_268-1,CARNEIRO_268,present,present,1
CARNEIRO_269-0,CARNEIRO_269,absent,absent,0
CARNEIRO_269-1,CARNEIRO_269,present,present,1
CARNEIRO_270-0,CARNEIRO_270,absent,absent,0
CARNEIRO_270-1,CARNEIRO_270,present,present,1
CARNEIRO_271-0,CARNEIRO_271,absent,absent,0
CARNEIRO_271-1,CARNEIRO_271,present,present,1
CARNEIRO_272-0,CARNEIRO_272,absent,absent,0
CARNEIRO_272-1,CARNEIRO_272,present,present,1
CARNEIRO_273-0,CARNEIRO_273,absent,absent,0
CARNEIRO_273-1,CARNEIRO_273,present,present,1
CARNEIRO_274-0,CARNEIRO_274,absent,absent,0
CARNEIRO_274-1,CARNEIRO_274,present,present,1
CARNEIRO_275-0,CARNEIRO_275,absent,absent,0
CARNEIRO_275-1,CARNEIRO_275,present,present,1
CARNEIRO_276-0,CARNEIRO_276,absent,absent,0
CARNEIRO_276-1,CARNEIRO_276,present,present,1
CARNEIRO_277-0,CARNEIRO_277,absent,absent,0
CARNEIRO_277-1,CARNEIRO_277,present,present,1
CARNEIRO_278-0,CARNEIRO_278,absent,absent,0
CARNEIRO_278-1,CARNEIRO_278,present,present,1
CARNEIRO_279-0,CARNEIRO_279,absent,absent,0
CARNEIRO_279-1,CARNEIRO_279,present,present,1
CARNEIRO_280-0,CARNEIRO_280,absent,absent,0
CARNEIRO_280-1,CARNEIRO_280,present,present,1
CARNEIRO_281-0,CARNEIRO_281,absent,absent,0
CARNEIRO_281-1,CARNEIRO_281,present,present,1
CARNEIRO_282-0,CARNEIRO_282,absent,absent,0
CARNEIRO_282-1,CARNEIRO_282,present,present,1
CARNEIRO_283-0,CARNEIRO_283,absent,absent,0
CARNEIRO_283-1,CARNEIRO_283,present,present,1
CARNEIRO_284-0,CARNEIRO_284,absent,absent,0
CARNEIRO_284-1,CARNEIRO_284,present,present,1
CARNEIRO_285-0,CARNEIRO_285,absent,absent,0
CARNEIRO_285-1,CARNEIRO_285,present,present,1
CARNEIRO_286-0,CARNEIRO_286,absent,absent,0
CARNEIRO_286-1,CARNEIRO_286,present,present,1
CARNEIRO_287-0,CARNEIRO_287,absent,absent,0
CARNEIRO_287-1,CARNEIRO_287,present,present,1
CARNEIRO_288-0,CARNEIRO_288,absent,absent,0
CARNEIRO_288-1,CARNEIRO_288,present,present,1
CARNEIRO_289-0,CARNEIRO_289,absent,absent,0
CARNEIRO_289-1,CARNEIRO_289,present,present,1
CARNEIRO_290-0,CARNEIRO_290,absent,absent,0
CARNEIRO_290-1,CARNEIRO_290,present,present,1
CARNEIRO_291-0,CARNEIRO_291,absent,absent,0
CARNEIRO_291-1,CARNEIRO_291,present,present,1
CARNEIRO_292-0,CARNEIRO_292,absent,absent,0
CARNEIRO_292-1,CARNEIRO_292,present,present,1
CARNEIRO_293-0,CARNEIRO_293,absent,absent,0
CARNEIRO_293-1,CARNEIRO_293,present,present,1
CARNEIRO_294-0,CARNEIRO_294,absent,absent,0
CARNEIRO_294-1,CARNEIRO_294,present,present,1
CARNEIRO_295-0,CARNEIRO_295,absent,absent,0
CARNEIRO_295-1,CARNEIRO_295,present,present,1
CARNEIRO_296-0,CARNEIRO_296,absent,absent,0
CARNEIRO_296-1,CARNEIRO_296,present,present,1
CARNEIRO_297-0,CARNEIRO_297,absent,absent,0
CARNEIRO_297-1,CARNEIRO_297,present,present,1
CARNEIRO_298-0,CARNEIRO_298,absent,absent,0
CARNEIRO_298-1,CARNEIRO_298,present,present,1
CARNEIRO_299-0,CARNEIRO_299,absent,absent,0
CARNEIRO_299-1,CARNEIRO_299,present,present,1
CARNEIRO_300-0,CARNEIRO_300,absent,absent,0
CARNEIRO_300-1,CARNEIRO_300,present,present,1
CARNEIRO_301-0,CARNEIRO_301,absent,absent,0
CARNEIRO_301-1,CARNEIRO_301,present,present,1
CARNEIRO_302-0,CARNEIRO_302,absent,absent,0
CARNEIRO_302-1,CARNEIRO_302,present,present,1
CARNEIRO_303-0,CARNEIRO_303,absent,absent,0
CARNEIRO_303-1,CARNEIRO_303,present,present,1
CARNEIRO_304-0,CARNEIRO_304,absent,absent,0
CARNEIRO_304-1,CARNEIRO_304,present,present,1
CARNEIRO_305-0,CARNEIRO_305,absent,absent,0
CARNEIRO_305-1,CARNEIRO_305,present,present,1
CARNEIRO_306-0,CARNEIRO_306,absent,absent,0
CARNEIRO_306-1,CARNEIRO_306,present,present,1
CARNEIRO_307-0,CARNEIRO_307,absent,absent,0
CARNEIRO_307-1,CARNEIRO_307,present,present,1
CARNEIRO_308-0,CARNEIRO_308,absent,absent,0
CARNEIRO_308-1,CARNEIRO_308,present,present,1
CARNEIRO_309-0,CARNEIRO_309,absent,absent,0
CARNEIRO_309-1,CARNEIRO_309,present,present,1
CARNEIRO_310-0,CARNEIRO_310,absent,absent,0
CARNEIRO_310-1,CARNEIRO_310,present,present,1
CARNEIRO_311-0,CARNEIRO_311,absent,absent,0
CARNEIRO_311-1,CARNEIRO_311,present,present,1
CARNEIRO_312-0,CARNEIRO_312,absent,absent,0
CARNEIRO_312-1,CARNEIRO_312,present,present,1
CARNEIRO_313-0,CARNEIRO_313,absent,absent,0
CARNEIRO_313-1,CARNEIRO_313,present,present,1
CARNEIRO_314-0,CARNEIRO_314,absent,absent,0
CARNEIRO_314-1,CARNEIRO_314,present,present,1
CARNEIRO_315-0,CARNEIRO_315,absent,absent,0
CARNEIRO_315-1,CARNEIRO_315,present,present,1
CARNEIRO_316-0,CARNEIRO_316,absent,absent,0
CARNEIRO_316-1,CARNEIRO_316,present,present,1
CARNEIRO_317-0,CARNEIRO_317,absent,absent,0
CARNEIRO_317-1,CARNEIRO_317,present,present,1
CARNEIRO_318-0,CARNEIRO_318,absent,absent,0
CARNEIRO_318-1,CARNEIRO_318,present,present,1
CARNEIRO_319-0,CARNEIRO_319,absent,absent,0
CARNEIRO_319-1,CARNEIRO_319,present,present,1
CARNEIRO_320-0,CARNEIRO_320,absent,absent,0
CARNEIRO_320-1,CARNEIRO_320,present,present,1
CARNEIRO_321-0,CARNEIRO_321,absent,absent,0
CARNEIRO_321-1,CARNEIRO_321,present,present,1
CARNEIRO_322-0,CARNEIRO_322,absent,absent,0
CARNEIRO_322-1,CARNEIRO_322,present,present,1
CARNEIRO_323-0,CARNEIRO_323,absent,absent,0
CARNEIRO_323-1,CARNEIRO_323,present,present,1
CARNEIRO_324-0,CARNEIRO_324,absent,absent,0
CARNEIRO_324-1,CARNEIRO_324,present,present,1
CARNEIRO_325-0,CARNEIRO_325,absent,absent,0
CARNEIRO_325-1,CARNEIRO_325,present,present,1
CARNEIRO_326-0,CARNEIRO_326,absent,absent,0
CARNEIRO_326-1,CARNEIRO_326,present,present,1
CARNEIRO_327-0,CARNEIRO_327,absent,absent,0
CARNEIRO_327-1,CARNEIRO_327,present,present,1
CARNEIRO_328-0,CARNEIRO_328,absent,absent,0
CARNEIRO_328-1,CARNEIRO_328,present,present,1
CARNEIRO_329-0,CARNEIRO_329,absent,absent,0
CARNEIRO_329-1,CARNEIRO_329,present,present,1
CARNEIRO_330-0,CARNEIRO_330,absent,absent,0
CARNEIRO_330-1,CARNEIRO_330,present,present,1
CARNEIRO_331-0,CARNEIRO_331,absent,absent,0
CARNEIRO_331-1,CARNEIRO_331,present,present,1
CARNEIRO_332-0,CARNEIRO_332,absent,absent,0
CARNEIRO_332-1,CARNEIRO_332,present,present,1
CARNEIRO_333-0,CARNEIRO_333,absent,absent,0
CARNEIRO_333-1,CARNEIRO_333,present,present,1
CARNEIRO_334-0,CARNEIRO_334,absent,absent,0
CARNEIRO_334-1,CARNEIRO_334,present,present,1
CARNEIRO_335-0,CARNEIRO_335,absent,absent,0
CARNEIRO_335-1,CARNEIRO_335,present,present,1
CARNEIRO_336-0,CARNEIRO_336,absent,absent,0
CARNEIRO_336-1,CARNEIRO_336,present,present,1
CARNEIRO_337-0,CARNEIRO_337,absent,absent,0
CARNEIRO_337-1,CARNEIRO_337,present,present,1
CARNEIRO_338-0,CARNEIRO_338,absent,absent,0
CARNEIRO_338-1,CARNEIRO_338,present,present,1
CARNEIRO_339-0,CARNEIRO_339,absent,absent,0
CARNEIRO_339-1,CARNEIRO_339,present,present,1
CARNEIRO_340-0,CARNEIRO_340,absent,absent,0
CARNEIRO_340-1,CARNEIRO_340,present,present,1
CARNEIRO_341-0,CARNEIRO_341,absent,absent,0
CARNEIRO_341-1,CARNEIRO_341,present,present,1
CARNEIRO_342-0,CARNEIRO_342,absent,absent,0
CARNEIRO_342-1,CARNEIRO_342,present,present,1
CARNEIRO_343-0,CARNEIRO_343,absent,absent,0
CARNEIRO_343-1,CARNEIRO_343,present,present,1
CARNEIRO_344-0,CARNEIRO_344,absent,absent,0
CARNEIRO_344-1,CARNEIRO_344,present,present,1
CARNEIRO_345-0,CARNEIRO_345,absent,absent,0
CARNEIRO_345-1,CARNEIRO_345,present,present,1
CARNEIRO_346-0,CARNEIRO_346,absent,absent,0
CARNEIRO_346-1,CARNEIRO_346,present,present,1
CARNEIRO_347-0,CARNEIRO_347,absent,absent,0
CARNEIRO_347-1,CARNEIRO_347,present,present,1
CARNEIRO_348-0,CARNEIRO_348,absent,absent,0
CARNEIRO_348-1,CARNEIRO_348,present,present,1
CARNEIRO_349-0,CARNEIRO_349,absent,absent,0
CARNEIRO_349-1,CARNEIRO_349,present,present,1
CARNEIRO_350-0,CARNEIRO_350,absent,absent,0
CARNEIRO_350-1,CARNEIRO_350,present,present,1
CARNEIRO_351-0,CARNEIRO_351,absent,absent,0
CARNEIRO_351-1,CARNEIRO_351,present,present,1
CARNEIRO_352-0,CARNEIRO_352,absent,absent,0
CARNEIRO_352-1,CARNEIRO_352,present,present,1
CARNEIRO_353-0,CARNEIRO_353,absent,absent,0
CARNEIRO_353-1,CARNEIRO_353,present,present,1
CARNEIRO_354-0,CARNEIRO_354,absent,absent,0
CARNEIRO_354-1,CARNEIRO_354,present,present,1
CARNEIRO_355-0,CARNEIRO_355,absent,absent,0
CARNEIRO_355-1,CARNEIRO_355,present,present,1
CARNEIRO_356-0,CARNEIRO_356,absent,absent,0
CARNEIRO_356-1,CARNEIRO_356,present,present,1
CARNEIRO_357-0,CARNEIRO_357,absent,absent,0
CARNEIRO_357-1,CARNEIRO_357,present,present,1
CARNEIRO_358-0,CARNEIRO_358,absent,absent,0
CARNEIRO_358-1,CARNEIRO_358,present,present,1
CARNEIRO_359-0,CARNEIRO_359,absent,absent,0
CARNEIRO_359-1,CARNEIRO_359,present,present,1
CARNEIRO_360-0,CARNEIRO_360,absent,absent,0
CARNEIRO_360-1,CARNEIRO_360,present,present,1
CARNEIRO_361-0,CARNEIRO_361,absent,absent,0
CARNEIRO_361-1,CARNEIRO_361,present,present,1
CARNEIRO_362-0,CARNEIRO_362,absent,absent,0
CARNEIRO_362-1,CARNEIRO_362,present,present,1
CARNEIRO_363-0,CARNEIRO_363,absent,absent,0
CARNEIRO_363-1,CARNEIRO_363,present,present,1
CARNEIRO_364-0,CARNEIRO_364,absent,absent,0
CARNEIRO_364-1,CARNEIRO_364,present,present,1
CARNEIRO_365-0,CARNEIRO_365,absent,absent,0
CARNEIRO_365-1,CARNEIRO_365,present,present,1
CARNEIRO_366-0,CARNEIRO_366,absent,absent,0
CARNEIRO_366-1,CARNEIRO_366,present,present,1
CARNEIRO_367-0,CARNEIRO_367,absent,absent,0
CARNEIRO_367-1,CARNEIRO_367,present,present,1
CARNEIRO_368-0,CARNEIRO_368,absent,absent,0
CARNEIRO_368-1,CARNEIRO_368,present,present,1
CARNEIRO_369-0,CARNEIRO_369,absent,absent,0
CARNEIRO_369-1,CARNEIRO_369,present,present,1
CARNEIRO_370-0,CARNEIRO_370,absent,absent,0
CARNEIRO_370-1,CARNEIRO_370,present,present,1
CARNEIRO_371-0,CARNEIRO_371,absent,absent,0
CARNEIRO_371-1,CARNEIRO_371,present,present,1
CARNEIRO_372-0,CARNEIRO_372,absent,absent,0
CARNEIRO_372-1,CARNEIRO_372,present,present,1
CARNEIRO_373-0,CARNEIRO_373,absent,absent,0
CARNEIRO_373-1,CARNEIRO_373,present,present,1
CARNEIRO_374-0,CARNEIRO_374,absent,absent,0
CARNEIRO_374-1,CARNEIRO_374,present,present,1
CARNEIRO_375-0,CARNEIRO_375,absent,absent,0
CARNEIRO_375-1,CARNEIRO_375,present,present,1
CARNEIRO_376-0,CARNEIRO_376,absent,absent,0
CARNEIRO_376-1,CARNEIRO_376,present,present,1
CARNEIRO_377-0,CARNEIRO_377,absent,absent,0
CARNEIRO_377-1,CARNEIRO_377,present,present,1
CARNEIRO_378-0,CARNEIRO_378,absent,absent,0
CARNEIRO_378-1,CARNEIRO_378,present,present,1
CARNEIRO_379-0,CARNEIRO_379,absent,absent,0
CARNEIRO_379-1,CARNEIRO_379,present,present,1
CARNEIRO_380-0,CARNEIRO_380,absent,absent,0
CARNEIRO_380-1,CARNEIRO_380,present,present,1
CARNEIRO_381-0,CARNEIRO_381,absent,absent,0
CARNEIRO_381-1,CARNEIRO_381,present,present,1
CARNEIRO_382-0,CARNEIRO_382,absent,absent,0
CARNEIRO_382-1,CARNEIRO_382,present,present,1
CARNEIRO_383-0,CARNEIRO_383,absent,absent,0
CARNEIRO_383-1,CARNEIRO_383,present,present,1
CARNEIRO_384-0,CARNEIRO_384,absent,absent,0
CARNEIRO_384-1,CARNEIRO_384,present,present,1
CARNEIRO_385-0,CARNEIRO_385,absent,absent,0
CARNEIRO_385-1,CARNEIRO_385,present,present,1
CARNEIRO_386-0,CARNEIRO_386,absent,absent,0
CARNEIRO_386-1,CARNEIRO_386,present,present,1
CARNEIRO_387-0,CARNEIRO_387,absent,absent,0
CARNEIRO_387-1,CARNEIRO_387,present,present,1
CARNEIRO_388-0,CARNEIRO_388,absent,absent,0
CARNEIRO_388-1,CARNEIRO_388,present,present,1
CARNEIRO_389-0,CARNEIRO_389,absent,absent,0
CARNEIRO_389-1,CARNEIRO_389,present,present,1
CARNEIRO_390-0,CARNEIRO_390,absent,absent,0
CARNEIRO_390-1,CARNEIRO_390,present,present,1
CARNEIRO_391-0,CARNEIRO_391,absent,absent,0
CARNEIRO_391-1,CARNEIRO_391,present,present,1
CARNEIRO_392-0,CARNEIRO_392,absent,absent,0
CARNEIRO_392-1,CARNEIRO_392,present,present,1
CARNEIRO_393-0,CARNEIRO_393,absent,absent,0
CARNEIRO_393-1,CARNEIRO_393,present,present,1
CARNEIRO_394-0,CARNEIRO_394,absent,absent,0
CARNEIRO_394-1,CARNEIRO_394,present,present,1
CARNEIRO_395-0,CARNEIRO_395,absent,absent,0
CARNEIRO_395-1,CARNEIRO_395,present,present,1
CARNEIRO_396-0,CARNEIRO_396,absent,absent,0
CARNEIRO_396-1,CARNEIRO_396,present,present,1
CARNEIRO_397-0,CARNEIRO_397,absent,absent,0
CARNEIRO_397-1,CARNEIRO_397,present,present,1
CARNEIRO_398-0,CARNEIRO_398,absent,absent,0
CARNEIRO_398-1,CARNEIRO_398,present,present,1
CARNEIRO_399-0,CARNEIRO_399,absent,absent,0
CARNEIRO_399-1,CARNEIRO_399,present,present,1
CARNEIRO_400-0,CARNEIRO_400,absent,absent,0
CARNEIRO_400-1,CARNEIRO_400,present,present,1
CARNEIRO_401-0,CARNEIRO_401,absent,absent,0
CARNEIRO_401-1,CARNEIRO_401,present,present,1
CARNEIRO_402-0,CARNEIRO_402,absent,absent,0
CARNEIRO_402-1,CARNEIRO_402,present,present,1
CARNEIRO_403-0,CARNEIRO_403,absent,absent,0
CARNEIRO_403-1,CARNEIRO_403,present,present,1
CARNEIRO_404-0,CARNEIRO_404,absent,absent,0
CARNEIRO_404-1,CARNEIRO_404,present,present,1
CARNEIRO_405-0,CARNEIRO_405,absent,absent,0
CARNEIRO_405-1,CARNEIRO_405,present,present,1
CARNEIRO_406-0,CARNEIRO_406,absent,absent,0
CARNEIRO_406-1,CARNEIRO_406,present,present,1
CARNEIRO_407-0,CARNEIRO_407,absent,absent,0
CARNEIRO_407-1,CARNEIRO_407,present,present,1
CARNEIRO_408-0,CARNEIRO_408,absent,absent,0
CARNEIRO_408-1,CARNEIRO_408,present,present,1
CARNEIRO_409-0,CARNEIRO_409,absent,absent,0
CARNEIRO_409-1,CARNEIRO_409,present,present,1
CARNEIRO_410-0,CARNEIRO_410,absent,absent,0
CARNEIRO_410-1,CARNEIRO_410,present,present,1
CARNEIRO_411-0,CARNEIRO_411,absent,absent,0
CARNEIRO_411-1,CARNEIRO_411,present,present,1
CARNEIRO_412-0,CARNEIRO_412,absent,absent,0
CARNEIRO_412-1,CARNEIRO_412,present,present,1
CARNEIRO_413-0,CARNEIRO_413,absent,absent,0
CARNEIRO_413-1,CARNEIRO_413,present,present,1
CARNEIRO_414-0,CARNEIRO_414,absent,absent,0
CARNEIRO_414-1,CARNEIRO_414,present,present,1
CARNEIRO_415-0,CARNEIRO_415,absent,absent,0
CARNEIRO_415-1,CARNEIRO_415,present,present,1
CARNEIRO_416-0,CARNEIRO_416,absent,absent,0
CARNEIRO_416-1,CARNEIRO_416,present,present,1
CARNEIRO_417-0,CARNEIRO_417,absent,absent,0
CARNEIRO_417-1,CARNEIRO_417,present,present,1
CARNEIRO_418-0,CARNEIRO_418,absent,absent,0
CARNEIRO_418-1,CARNEIRO_418,present,present,1
CARNEIRO_419-0,CARNEIRO_419,absent,absent,0
CARNEIRO_419-1,CARNEIRO_419,present,present,1
CARNEIRO_420-0,CARNEIRO_420,absent,absent,0
CARNEIRO_420-1,CARNEIRO_420,present,present,1
CARNEIRO_421-0,CARNEIRO_421,absent,absent,0
CARNEIRO_421-1,CARNEIRO_421,present,present,1
CARNEIRO_422-0,CARNEIRO_422,absent,absent,0
CARNEIRO_422-1,CARNEIRO_422,present,present,1
CARNEIRO_423-0,CARNEIRO_423,absent,absent,0
CARNEIRO_423-1,CARNEIRO_423,present,present,1
CARNEIRO_424-0,CARNEIRO_424,absent,absent,0
CARNEIRO_424-1,CARNEIRO_424,present,present,1
CARNEIRO_425-0,CARNEIRO_425,absent,absent,0
CARNEIRO_425-1,CARNEIRO_425,present,present,1
CARNEIRO_426-0,CARNEIRO_426,absent,absent,0
CARNEIRO_426-1,CARNEIRO_426,present,present,1
CARNEIRO_427-0,CARNEIRO_427,absent,absent,0
CARNEIRO_427-1,CARNEIRO_427,present,present,1
CARNEIRO_428-0,CARNEIRO_428,absent,absent,0
CARNEIRO_428-1,CARNEIRO_428,present,present,1
CARNEIRO_429-0,CARNEIRO_429,absent,absent,0
CARNEIRO_429-1,CARNEIRO_429,present,present,1
CARNEIRO_430-0,CARNEIRO_430,absent,absent,0
CARNEIRO_430-1,CARNEIRO_430,present,present,1
CARNEIRO_431-0,CARNEIRO_431,absent,absent,0
CARNEIRO_431-1,CARNEIRO_431,present,present,1
CARNEIRO_432-0,CARNEIRO_432,absent,absent,0
CARNEIRO_432-1,CARNEIRO_432,present,present,1
CARNEIRO_433-0,CARNEIRO_433,absent,absent,0
CARNEIRO_433-1,CARNEIRO_433,present,present,1
CARNEIRO_434-0,CARNEIRO_434,absent,absent,0
CARNEIRO_434-1,CARNEIRO_434,present,present,1
CARNEIRO_435-0,CARNEIRO_435,absent,absent,0
CARNEIRO_435-1,CARNEIRO_435,present,present,1
CARNEIRO_436-0,CARNEIRO_436,absent,absent,0
CARNEIRO_436-1,CARNEIRO_436,present,present,1
CARNEIRO_437-0,CARNEIRO_437,absent,absent,0
CARNEIRO_437-1,CARNEIRO_437,present,present,1
CARNEIRO_438-0,CARNEIRO_438,absent,absent,0
CARNEIRO_438-1,CARNEIRO_438,present,present,1
CARNEIRO_439-0,CARNEIRO_439,absent,absent,0
CARNEIRO_439-1,CARNEIRO_439,present,present,1
CARNEIRO_440-0,CARNEIRO_440,absent,absent,0
CARNEIRO_440-1,CARNEIRO_440,present,present,1
CARNEIRO_441-0,CARNEIRO_441,absent,absent,0
CARNEIRO_441-1,CARNEIRO_441,present,present,1
CARNEIRO_442-0,CARNEIRO_442,absent,absent,0
CARNEIRO_442-1,CARNEIRO_442,present,present,1
CARNEIRO_443-0,CARNEIRO_443,absent,absent,0
CARNEIRO_443-1,CARNEIRO_443,present,present,1
CARNEIRO_444-0,CARNEIRO_444,absent,absent,0
CARNEIRO_444-1,CARNEIRO_444,present,present,1
CARNEIRO_445-0,CARNEIRO_445,absent,absent,0
CARNEIRO_445-1,CARNEIRO_445,present,present,1
CARNEIRO_446-0,CARNEIRO_446,absent,absent,0
CARNEIRO_446-1,CARNEIRO_446,present,present,1
CARNEIRO_447-0,CARNEIRO_447,absent,absent,0
CARNEIRO_447-1,CARNEIRO_447,present,present,1
CARNEIRO_448-0,CARNEIRO_448,absent,absent,0
CARNEIRO_448-1,CARNEIRO_448,present,present,1
CARNEIRO_449-0,CARNEIRO_449,absent,absent,0
CARNEIRO_449-1,CARNEIRO_449,present,present,1
CARNEIRO_450-0,CARNEIRO_450,absent,absent,0
CARNEIRO_450-1,CARNEIRO_450,present,present,1
CARNEIRO_451-0,CARNEIRO_451,absent,absent,0
CARNEIRO_451-1,CARNEIRO_451,present,present,1
CARNEIRO_452-0,CARNEIRO_452,absent,absent,0
CARNEIRO_452-1,CARNEIRO_452,present,present,1
CARNEIRO_453-0,CARNEIRO_453,absent,absent,0
CARNEIRO_453-1,CARNEIRO_453,present,present,1
CARNEIRO_454-0,CARNEIRO_454,absent,absent,0
CARNEIRO_454-1,CARNEIRO_454,present,present,1
CARNEIRO_455-0,CARNEIRO_455,absent,absent,0
CARNEIRO_455-1,CARNEIRO_455,present,present,1
CARNEIRO_456-0,CARNEIRO_456,absent,absent,0
CARNEIRO_456-1,CARNEIRO_456,present,present,1
CARNEIRO_457-0,CARNEIRO_457,absent,absent,0
CARNEIRO_457-1,CARNEIRO_457,present,present,1
CARNEIRO_458-0,CARNEIRO_458,absent,absent,0
CARNEIRO_458-1,CARNEIRO_458,present,present,1
CARNEIRO_459-0,CARNEIRO_459,absent,absent,0
CARNEIRO_459-1,CARNEIRO_459,present,present,1
CARNEIRO_460-0,CARNEIRO_460,absent,absent,0
CARNEIRO_460-1,CARNEIRO_460,present,present,1
CARNEIRO_461-0,CARNEIRO_461,absent,absent,0
CARNEIRO_461-1,CARNEIRO_461,present,present,1
CARNEIRO_462-0,CARNEIRO_462,absent,absent,0
CARNEIRO_462-1,CARNEIRO_462,present,present,1
CARNEIRO_463-0,CARNEIRO_463,absent,absent,0
CARNEIRO_463-1,CARNEIRO_463,present,present,1
CARNEIRO_464-0,CARNEIRO_464,absent,absent,0
CARNEIRO_464-1,CARNEIRO_464,present,present,1
CARNEIRO_465-0,CARNEIRO_465,absent,absent,0
CARNEIRO_465-1,CARNEIRO_465,present,present,1
CARNEIRO_466-0,CARNEIRO_466,absent,absent,0
CARNEIRO_466-1,CARNEIRO_466,present,present,1
CARNEIRO_467-0,CARNEIRO_467,absent,absent,0
CARNEIRO_467-1,CARNEIRO_467,present,present,1
CARNEIRO_468-0,CARNEIRO_468,absent,absent,0
CARNEIRO_468-1,CARNEIRO_468,present,present,1
CARNEIRO_469-0,CARNEIRO_469,absent,absent,0
CARNEIRO_469-1,CARNEIRO_469,present,present,1
CARNEIRO_470-0,CARNEIRO_470,absent,absent,0
CARNEIRO_470-1,CARNEIRO_470,present,present,1
CARNEIRO_471-0,CARNEIRO_471,absent,absent,0
CARNEIRO_471-1,CARNEIRO_471,present,present,1
CARNEIRO_472-0,CARNEIRO_472,absent,absent,0
CARNEIRO_472-1,CARNEIRO_472,present,present,1
CARNEIRO_473-0,CARNEIRO_473,absent,absent,0
CARNEIRO_473-1,CARNEIRO_473,present,present,1
CARNEIRO_474-0,CARNEIRO_474,absent,absent,0
CARNEIRO_474-1,CARNEIRO_474,present,present,1
CARNEIRO_475-0,CARNEIRO_475,absent,absent,0
CARNEIRO_475-1,CARNEIRO_475,present,present,1
CARNEIRO_476-0,CARNEIRO_476,absent,absent,0
CARNEIRO_476-1,CARNEIRO_476,present,present,1
CARNEIRO_477-0,CARNEIRO_477,absent,absent,0
CARNEIRO_477-1,CARNEIRO_477,present,present,1
CARNEIRO_478-0,CARNEIRO_478,absent,absent,0
CARNEIRO_478-1,CARNEIRO_478,present,present,1
CARNEIRO_479-0,CARNEIRO_479,absent,absent,0
CARNEIRO_479-1,CARNEIRO_479,present,present,1
CARNEIRO_480-0,CARNEIRO_480,absent,absent,0
CARNEIRO_480-1,CARNEIRO_480,present,present,1
CARNEIRO_481-0,CARNEIRO_481,absent,absent,0
CARNEIRO_481-1,CARNEIRO_481,present,present,1
CARNEIRO_482-0,CARNEIRO_482,absent,absent,0
CARNEIRO_482-1,CARNEIRO_482,present,present,1
CARNEIRO_483-0,CARNEIRO_483,absent,absent,0
CARNEIRO_483-1,CARNEIRO_483,present,present,1
CARNEIRO_484-0,CARNEIRO_484,absent,absent,0
CARNEIRO_484-1,CARNEIRO_484,present,present,1
CARNEIRO_485-0,CARNEIRO_485,absent,absent,0
CARNEIRO_485-1,CARNEIRO_485,present,present,1
CARNEIRO_486-0,CARNEIRO_486,absent,absent,0
CARNEIRO_486-1,CARNEIRO_486,present,present,1
CARNEIRO_487-0,CARNEIRO_487,absent,absent,0
CARNEIRO_487-1,CARNEIRO_487,present,present,1
CARNEIRO_488-0,CARNEIRO_488,absent,absent,0
CARNEIRO_488-1,CARNEIRO_488,present,present,1
CARNEIRO_489-0,CARNEIRO_489,absent,absent,0
CARNEIRO_489-1,CARNEIRO_489,present,present,1
CARNEIRO_490-0,CARNEIRO_490,absent,absent,0
CARNEIRO_490-1,CARNEIRO_490,present,present,1
CARNEIRO_491-0,CARNEIRO_491,absent,absent,0
CARNEIRO_491-1,CARNEIRO_491,present,present,1
CARNEIRO_492-0,CARNEIRO_492,absent,absent,0
CARNEIRO_492-1,CARNEIRO_492,present,present,1
CARNEIRO_493-0,CARNEIRO_493,absent,absent,0
CARNEIRO_493-1,CARNEIRO_493,present,present,1
CARNEIRO_494-0,CARNEIRO_494,absent,absent,0
CARNEIRO_494-1,CARNEIRO_494,present,present,1
CARNEIRO_495-0,CARNEIRO_495,absent,absent,0
CARNEIRO_495-1,CARNEIRO_495,present,present,1
CARNEIRO_496-0,CARNEIRO_496,absent,absent,0
CARNEIRO_496-1,CARNEIRO_496,present,present,1
CARNEIRO_497-0,CARNEIRO_497,absent,absent,0
CARNEIRO_497-1,CARNEIRO_497,present,present,1
CARNEIRO_498-0,CARNEIRO_498,absent,absent,0
CARNEIRO_498-1,CARNEIRO_498,present,present,1
CARNEIRO_499-0,CARNEIRO_499,absent,absent,0
CARNEIRO_499-1,CARNEIRO_499,present,present,1
CARNEIRO_500-0,CARNEIRO_500,absent,absent,0
CARNEIRO_500-1,CARNEIRO_500,present,present,1
CARNEIRO_501-0,CARNEIRO_501,absent,absent,0
CARNEIRO_501-1,CARNEIRO_501,present,present,1
CARNEIRO_502-0,CARNEIRO_502,absent,absent,0
CARNEIRO_502-1,CARNEIRO_502,present,present,1
CARNEIRO_503-0,CARNEIRO_503,absent,absent,0
CARNEIRO_503-1,CARNEIRO_503,present,present,1
CARNEIRO_504-0,CARNEIRO_504,absent,absent,0
CARNEIRO_504-1,CARNEIRO_504,present,present,1
CARNEIRO_505-0,CARNEIRO_505,absent,absent,0
CARNEIRO_505-1,CARNEIRO_505,present,present,1
CARNEIRO_506-0,CARNEIRO_506,absent,absent,0
CARNEIRO_506-1,CARNEIRO_506,present,present,1
CARNEIRO_507-0,CARNEIRO_507,absent,absent,0
CARNEIRO_507-1,CARNEIRO_507,present,present,1
CARNEIRO_508-0,CARNEIRO_508,absent,absent,0
CARNEIRO_508-1,CARNEIRO_508,present,present,1
CARNEIRO_509-0,CARNEIRO_509,absent,absent,0
CARNEIRO_509-1,CARNEIRO_509,present,present,1
CARNEIRO_510-0,CARNEIRO_510,absent,absent,0
CARNEIRO_510-1,CARNEIRO_510,present,present,1
CARNEIRO_511-0,CARNEIRO_511,absent,absent,0
CARNEIRO_511-1,CARNEIRO_511,present,present,1
CARNEIRO_512-0,CARNEIRO_512,absent,absent,0
CARNEIRO_512-1,CARNEIRO_512,present,present,1
CARNEIRO_513-0,CARNEIRO_513,absent,absent,0
CARNEIRO_513-1,CARNEIRO_513,present,present,1
CARNEIRO_514-0,CARNEIRO_514,absent,absent,0
CARNEIRO_514-1,CARNEIRO_514,present,present,1
CARNEIRO_515-0,CARNEIRO_515,absent,absent,0
CARNEIRO_515-1,CARNEIRO_515,present,present,1
CARNEIRO_516-0,CARNEIRO_516,absent,absent,0
CARNEIRO_516-1,CARNEIRO_516,present,present,1
CARNEIRO_517-0,CARNEIRO_517,absent,absent,0
CARNEIRO_517-1,CARNEIRO_517,present,present,1
CARNEIRO_518-0,CARNEIRO_518,absent,absent,0
CARNEIRO_518-1,CARNEIRO_518,present,present,1
CARNEIRO_519-0,CARNEIRO_519,absent,absent,0
CARNEIRO_519-1,CARNEIRO_519,present,present,1
CARNEIRO_520-0,CARNEIRO_520,absent,absent,0
CARNEIRO_520-1,CARNEIRO_520,present,present,1
CARNEIRO_521-0,CARNEIRO_521,absent,absent,0
CARNEIRO_521-1,CARNEIRO_521,present,present,1
CARNEIRO_522-0,CARNEIRO_522,absent,absent,0
CARNEIRO_522-1,CARNEIRO_522,present,present,1
CARNEIRO_523-0,CARNEIRO_523,absent,absent,0
CARNEIRO_523-1,CARNEIRO_523,present,present,1
CARNEIRO_524-0,CARNEIRO_524,absent,absent,0
CARNEIRO_524-1,CARNEIRO_524,present,present,1
CARNEIRO_525-0,CARNEIRO_525,absent,absent,0
CARNEIRO_525-1,CARNEIRO_525,present,present,1
CARNEIRO_526-0,CARNEIRO_526,absent,absent,0
CARNEIRO_526-1,CARNEIRO_526,present,present,1
CARNEIRO_527-0,CARNEIRO_527,absent,absent,0
CARNEIRO_527-1,CARNEIRO_527,present,present,1
CARNEIRO_528-0,CARNEIRO_528,absent,absent,0
CARNEIRO_528-1,CARNEIRO_528,present,present,1
CARNEIRO_529-0,CARNEIRO_529,absent,absent,0
CARNEIRO_529-1,CARNEIRO_529,present,present,1
CARNEIRO_530-0,CARNEIRO_530,absent,absent,0
CARNEIRO_530-1,CARNEIRO_530,present,present,1
CARNEIRO_531-0,CARNEIRO_531,absent,absent,0
CARNEIRO_531-1,CARNEIRO_531,present,present,1
CARNEIRO_532-0,CARNEIRO_532,absent,absent,0
CARNEIRO_532-1,CARNEIRO_532,present,present,1
CARNEIRO_533-0,CARNEIRO_533,absent,absent,0
CARNEIRO_533-1,CARNEIRO_533,present,present,1
CARNEIRO_534-0,CARNEIRO_534,absent,absent,0
CARNEIRO_534-1,CARNEIRO_534,present,present,1
CARNEIRO_535-0,CARNEIRO_535,absent,absent,0
CARNEIRO_535-1,CARNEIRO_535,present,present,1
CARNEIRO_536-0,CARNEIRO_536,absent,absent,0
CARNEIRO_536-1,CARNEIRO_536,present,present,1
CARNEIRO_537-0,CARNEIRO_537,absent,absent,0
CARNEIRO_537-1,CARNEIRO_537,present,present,1
CARNEIRO_538-0,CARNEIRO_538,absent,absent,0
CARNEIRO_538-1,CARNEIRO_538,present,present,1
CARNEIRO_539-0,CARNEIRO_539,absent,absent,0
CARNEIRO_539-1,CARNEIRO_539,present,present,1
CARNEIRO_540-0,CARNEIRO_540,absent,absent,0
CARNEIRO_540-1,CARNEIRO_540,present,present,1
CARNEIRO_541-0,CARNEIRO_541,absent,absent,0
CARNEIRO_541-1,CARNEIRO_541,present,present,1
CARNEIRO_542-0,CARNEIRO_542,absent,absent,0
CARNEIRO_542-1,CARNEIRO_542,present,present,1
CARNEIRO_543-0,CARNEIRO_543,absent,absent,0
CARNEIRO_543-1,CARNEIRO_543,present,present,1
CARNEIRO_544-0,CARNEIRO_544,absent,absent,0
CARNEIRO_544-1,CARNEIRO_544,present,present,1
CARNEIRO_545-0,CARNEIRO_545,absent,absent,0
CARNEIRO_545-1,CARNEIRO_545,present,present,1
CARNEIRO_546-0,CARNEIRO_546,absent,absent,0
CARNEIRO_546-1,CARNEIRO_546,present,present,1
CARNEIRO_547-0,CARNEIRO_547,absent,absent,0
CARNEIRO_547-1,CARNEIRO_547,present,present,1
CARNEIRO_548-0,CARNEIRO_548,absent,absent,0
CARNEIRO_548-1,CARNEIRO_548,present,present,1
CARNEIRO_549-0,CARNEIRO_549,absent,absent,0
CARNEIRO_549-1,CARNEIRO_549,present,present,1
CARNEIRO_550-0,CARNEIRO_550,absent,absent,0
CARNEIRO_550-1,CARNEIRO_550,present,present,1
CARNEIRO_551-0,CARNEIRO_551,absent,absent,0
CARNEIRO_551-1,CARNEIRO_551,present,present,1
CARNEIRO_552-0,CARNEIRO_552,absent,absent,0
CARNEIRO_552-1,CARNEIRO_552,present,present,1
CARNEIRO_553-0,CARNEIRO_553,absent,absent,0
CARNEIRO_553-1,CARNEIRO_553,present,present,1
CARNEIRO_554-0,CARNEIRO_554,absent,absent,0
CARNEIRO_554-1,CARNEIRO_554,present,present,1
CARNEIRO_555-0,CARNEIRO_555,absent,absent,0
CARNEIRO_555-1,CARNEIRO_555,present,present,1
CARNEIRO_556-0,CARNEIRO_556,absent,absent,0
CARNEIRO_556-1,CARNEIRO_556,present,present,1
CARNEIRO_557-0,CARNEIRO_557,absent,absent,0
CARNEIRO_557-1,CARNEIRO_557,present,present,1
CARNEIRO_558-0,CARNEIRO_558,absent,absent,0
CARNEIRO_558-1,CARNEIRO_558,present,present,1
CARNEIRO_559-0,CARNEIRO_559,absent,absent,0
CARNEIRO_559-1,CARNEIRO_559,present,present,1
CARNEIRO_560-0,CARNEIRO_560,absent,absent,0
CARNEIRO_560-1,CARNEIRO_560,present,present,1
CARNEIRO_561-0,CARNEIRO_561,absent,absent,0
CARNEIRO_561-1,CARNEIRO_561,present,present,1
CARNEIRO_562-0,CARNEIRO_562,absent,absent,0
CARNEIRO_562-1,CARNEIRO_562,present,present,1
CARNEIRO_563-0,CARNEIRO_563,absent,absent,0
CARNEIRO_563-1,CARNEIRO_563,present,present,1
CARNEIRO_564-0,CARNEIRO_564,absent,absent,0
CARNEIRO_564-1,CARNEIRO_564,present,present,1
CARNEIRO_565-0,CARNEIRO_565,absent,absent,0
CARNEIRO_565-1,CARNEIRO_565,present,present,1
CARNEIRO_566-0,CARNEIRO_566,absent,absent,0
CARNEIRO_566-1,CARNEIRO_566,present,present,1
CARNEIRO_567-0,CARNEIRO_567,absent,absent,0
CARNEIRO_567-1,CARNEIRO_567,present,present,1
CARNEIRO_568-0,CARNEIRO_568,absent,absent,0
CARNEIRO_568-1,CARNEIRO_568,present,present,1
CARNEIRO_569-0,CARNEIRO_569,absent,absent,0
CARNEIRO_569-1,CARNEIRO_569,present,present,1
CARNEIRO_570-0,CARNEIRO_570,absent,absent,0
CARNEIRO_570-1,CARNEIRO_570,present,present,1
CARNEIRO_571-0,CARNEIRO_571,absent,absent,0
CARNEIRO_571-1,CARNEIRO_571,present,present,1
CARNEIRO_572-0,CARNEIRO_572,absent,absent,0
CARNEIRO_572-1,CARNEIRO_572,present,present,1
CARNEIRO_573-0,CARNEIRO_573,absent,absent,0
CARNEIRO_573-1,CARNEIRO_573,present,present,1
CARNEIRO_574-0,CARNEIRO_574,absent,absent,0
CARNEIRO_574-1,CARNEIRO_574,present,present,1
CARNEIRO_575-0,CARNEIRO_575,absent,absent,0
CARNEIRO_575-1,CARNEIRO_575,present,present,1
CARNEIRO_576-0,CARNEIRO_576,absent,absent,0
CARNEIRO_576-1,CARNEIRO_576,present,present,1
CARNEIRO_577-0,CARNEIRO_577,absent,absent,0
CARNEIRO_577-1,CARNEIRO_577,present,present,1
CARNEIRO_578-0,CARNEIRO_578,absent,absent,0
CARNEIRO_578-1,CARNEIRO_578,present,present,1
CARNEIRO_579-0,CARNEIRO_579,absent,absent,0
CARNEIRO_579-1,CARNEIRO_579,present,present,1
CARNEIRO_580-0,CARNEIRO_580,absent,absent,0
CARNEIRO_580-1,CARNEIRO_580,present,present,1
CARNEIRO_581-0,CARNEIRO_581,absent,absent,0
CARNEIRO_581-1,CARNEIRO_581,present,present,1
CARNEIRO_582-0,CARNEIRO_582,absent,absent,0
CARNEIRO_582-1,CARNEIRO_582,present,present,1
CARNEIRO_583-0,CARNEIRO_583,absent,absent,0
CARNEIRO_583-1,CARNEIRO_583,present,present,1
CARNEIRO_584-0,CARNEIRO_584,absent,absent,0
CARNEIRO_584-1,CARNEIRO_584,present,present,1
CARNEIRO_585-0,CARNEIRO_585,absent,absent,0
CARNEIRO_585-1,CARNEIRO_585,present,present,1
CARNEIRO_586-0,CARNEIRO_586,absent,absent,0
CARNEIRO_586-1,CARNEIRO_586,present,present,1
CARNEIRO_587-0,CARNEIRO_587,absent,absent,0
CARNEIRO_587-1,CARNEIRO_587,present,present,1
CARNEIRO_588-0,CARNEIRO_588,absent,absent,0
CARNEIRO_588-1,CARNEIRO_588,present,present,1
CARNEIRO_589-0,CARNEIRO_589,absent,absent,0
CARNEIRO_589-1,CARNEIRO_589,present,present,1
CARNEIRO_590-0,CARNEIRO_590,absent,absent,0
CARNEIRO_590-1,CARNEIRO_590,present,present,1
CARNEIRO_591-0,CARNEIRO_591,absent,absent,0
CARNEIRO_591-1,CARNEIRO_591,present,present,1
CARNEIRO_592-0,CARNEIRO_592,absent,absent,0
CARNEIRO_592-1,CARNEIRO_592,present,present,1
CARNEIRO_593-0,CARNEIRO_593,absent,absent,0
CARNEIRO_593-1,CARNEIRO_593,present,present,1
CARNEIRO_594-0,CARNEIRO_594,absent,absent,0
CARNEIRO_594-1,CARNEIRO_594,present,present,1
CARNEIRO_595-0,CARNEIRO_595,absent,absent,0
CARNEIRO_595-1,CARNEIRO_595,present,present,1
CARNEIRO_596-0,CARNEIRO_596,absent,absent,0
CARNEIRO_596-1,CARNEIRO_596,present,present,1
CARNEIRO_597-0,CARNEIRO_597,absent,absent,0
CARNEIRO_597-1,CARNEIRO_597,present,present,1
CARNEIRO_598-0,CARNEIRO_598,absent,absent,0
CARNEIRO_598-1,CARNEIRO_598,present,present,1
CARNEIRO_599-0,CARNEIRO_599,absent,absent,0
CARNEIRO_599-1,CARNEIRO_599,present,present,1
CARNEIRO_600-0,CARNEIRO_600,absent,absent,0
CARNEIRO_600-1,CARNEIRO_600,present,present,1
CARNEIRO_601-0,CARNEIRO_601,absent,absent,0
CARNEIRO_601-1,CARNEIRO_601,present,present,1
CARNEIRO_602-0,CARNEIRO_602,absent,absent,0
CARNEIRO_602-1,CARNEIRO_602,present,present,1
CARNEIRO_603-0,CARNEIRO_603,absent,absent,0
CARNEIRO_603-1,CARNEIRO_603,present,present,1
CARNEIRO_604-0,CARNEIRO_604,absent,absent,0
CARNEIRO_604-1,CARNEIRO_604,present,present,1
CARNEIRO_605-0,CARNEIRO_605,absent,absent,0
CARNEIRO_605-1,CARNEIRO_605,present,present,1
CARNEIRO_606-0,CARNEIRO_606,absent,absent,0
CARNEIRO_606-1,CARNEIRO_606,present,present,1
CARNEIRO_607-0,CARNEIRO_607,absent,absent,0
CARNEIRO_607-1,CARNEIRO_607,present,present,1
CARNEIRO_608-0,CARNEIRO_608,absent,absent,0
CARNEIRO_608-1,CARNEIRO_608,present,present,1
CARNEIRO_609-0,CARNEIRO_609,absent,absent,0
CARNEIRO_609-1,CARNEIRO_609,present,present,1
CARNEIRO_610-0,CARNEIRO_610,absent,absent,0
CARNEIRO_610-1,CARNEIRO_610,present,present,1
CARNEIRO_611-0,CARNEIRO_611,absent,absent,0
CARNEIRO_611-1,CARNEIRO_611,present,present,1
CARNEIRO_612-0,CARNEIRO_612,absent,absent,0
CARNEIRO_612-1,CARNEIRO_612,present,present,1
CARNEIRO_613-0,CARNEIRO_613,absent,absent,0
CARNEIRO_613-1,CARNEIRO_613,present,present,1
CARNEIRO_614-0,CARNEIRO_614,absent,absent,0
CARNEIRO_614-1,CARNEIRO_614,present,present,1
CARNEIRO_615-0,CARNEIRO_615,absent,absent,0
CARNEIRO_615-1,CARNEIRO_615,present,present,1
CARNEIRO_616-0,CARNEIRO_616,absent,absent,0
CARNEIRO_616-1,CARNEIRO_616,present,present,1
CARNEIRO_617-0,CARNEIRO_617,absent,absent,0
CARNEIRO_617-1,CARNEIRO_617,present,present,1
CARNEIRO_618-0,CARNEIRO_618,absent,absent,0
CARNEIRO_618-1,CARNEIRO_618,present,present,1
